,sum_sq,df,F,PR(>F)
C(Employee),8259.303410743278,8.0,3.010142879436235,0.00231317377883642
C(Region),40031.87438364985,8.0,14.589809289447707,6.6425808706248666e-21
C(CategoryName),959.7513428085351,7.0,0.3997554241095136,0.9028853563957704
Discount,6925.520309945907,1.0,20.19231367164281,7.392950240262248e-06
Residual,704133.9307385169,2053.0,,
